Model,Accuracy,Precision,Recall,F1-Score,ROC-AUC
Logistic Regression,0.74,0.8013698630136986,0.8357142857142857,0.8181818181818182,0.7822619047619048
Decision Tree,0.725,0.8695652173913043,0.7142857142857143,0.7843137254901961,0.7568452380952381
Random Forest,0.775,0.8064516129032258,0.8928571428571429,0.847457627118644,0.8101785714285715
